timestamp,prompt,model,response,latency_ms,token_count,prompt_id,rating,from_cache
2025-07-15T19:45:46.596064,What is the capital of France?,llama-3.3-70b-versatile,The capital of France is Paris.,157,50,f6e584d31bed1785,,False
2025-07-15T19:45:46.596064,What is the capital of France?,llama-3.3-70b-versatile,The capital of France is Paris.,0,,f6e584d31bed1785,,True
2025-07-15T19:47:01.909657,What is the capital of France?,meta-llama/llama-4-maverick-17b-128e-instruct,The capital of France is Paris.,133,25,8c9906db2577e093,,False
2025-07-15T19:47:15.749387,What is the capital of France?,meta-llama/llama-4-scout-17b-16e-instruct,The capital of France is Paris.,152,25,8c7bfed899199eee,,False
2025-07-15T19:47:31.458995,What is the capital of France?,llama-3.1-8b-instant,The capital of France is Paris.,136,50,4e23373ac1e78981,,False
2025-07-15T19:47:51.865734,What is the capital of France?,moonshotai/kimi-k2-instruct,The capital of France is Paris.,431,31,2b35f7d22567aedb,,False
2025-07-15T19:45:46.596064,What is the capital of France?,llama-3.3-70b-versatile,The capital of France is Paris.,0,,f6e584d31bed1785,,True
2025-07-15T19:54:59.243169,What is the capital of France?,llama-3.3-70b-versatile,The capital of France is Paris.,6370,50,0d167128b610789e,,False
2025-07-15T19:55:05.851983,What is the capital of France?,llama-3.3-70b-versatile,The capital of France is Paris.,142,50,0569044d069c4529,,False
2025-07-15T19:58:37.465158,What is the capital of France?,llama-3.3-70b-versatile,The capital of France is Paris.,485,50,22afc15408581315,,False
2025-07-15T20:11:30.209800,What is the capital of France?,llama-3.3-70b-versatile,The capital of France is Paris.,139,50,948ecea473800b4d,,False
2025-07-15T20:13:09.338945,Write a short story about a cat who discovers a magic hat.,llama-3.1-8b-instant,"**Whiskers and Wonder**

In a cozy little house on a quiet street, there lived a beautiful calico cat named Luna. Luna was a curious and adventurous cat, always exploring every nook and cranny of her home. One sunny afternoon, while prowling through the attic, Luna stumbled upon an old trunk that had been hidden away for years. The trunk was dusty and worn, but Luna's curiosity got the best of her. She batted at the rusty lock with her paw, and to her surprise, it creaked open.

 Inside the trunk, Luna found a mysterious hat. It was a bright red top hat with a wide brim and a tall crown. The hat seemed to glow with an otherworldly light, and Luna was immediately drawn to it. She reached out a paw to touch the hat, and as soon as she did, she felt a strange tingling sensation.

Suddenly, Luna was transported to a magical world. The attic was gone, replaced by a lush forest filled with towering trees and sparkling fountains. Luna's eyes grew wide as she explored this new world, chasing after butterflies and sniffing at wildflowers.

As she wandered through the forest, Luna discovered that she had the power to make anything she wanted come true. She wished for a bowl of milk, and a delicious bowl appeared before her. She wished for a ball of yarn, and a fluffy ball bounced into her path. Luna was overjoyed, and she spent hours playing and exploring this magical world.

But as the sun began to set, Luna realized that she needed to return home. She looked around, trying to find a way back to her own world. That's when she spotted the magic hat, still perched on her head. She reached up and touched the hat, and the world around her began to fade away.

Luna found herself back in the attic, but she was no longer alone. Her owner, a kind old woman named Mrs. Jenkins, was sitting in a chair, looking at Luna with a knowing glint in her eye. ""I knew you'd find it,"" she said, smiling. ""That hat has been waiting for you for a long time, Luna. You have the power to make magic happen. Use it wisely.""

From that day on, Luna wore the magic hat whenever she wanted to explore the magical world. She used her powers to help those in need, making sure the house was always clean and the food was always plentiful. And whenever she needed a break from her responsibilities,",1052,560,0a8d9f5ffe553ffd,,False
2025-07-15T20:18:45.042379,heyy bro,llama-3.1-8b-instant,What's up? Is there something I can help you with or you just wanna chat?,184,57,8292d34d0fbeae44,,False
2025-07-15T20:38:33.915597,What is the capital of France?,llama-3.3-70b-versatile,The capital of France is Paris.,200,50,98c00c476a7226de,,False
2025-07-15T20:43:33.291178,Fallback test.,llama-3.1-8b-instant,"A fallback test is a type of test used in user experience (UX) and user interface (UI) design to ensure that a product or feature remains usable and accessible when a primary design or functionality fails.

Here are some common scenarios where a fallback test is used:

1. **Error handling**: When a user enters invalid data or an error occurs, a fallback test ensures that the product still provides a usable experience and guides the user to resolve the issue.
2. **Network failures**: When a network connection is lost or slow, a fallback test ensures that the product remains functional and provides a good user experience, even when the primary functionality fails.
3. **Device or browser incompatibility**: When a user accesses the product on a device or browser that is not supported, a fallback test ensures that the product still provides a usable experience and guides the user to a compatible device or browser.
4. **Primary design failure**: When a primary design or functionality fails, a fallback test ensures that the product remains usable and accessible.

To conduct a fallback test, designers and developers typically follow these steps:

1. **Identify the primary design or functionality**: Identify the primary design or functionality that is being tested.
2. **Create a failure scenario**: Create a scenario where the primary design or functionality fails.
3. **Test the fallback**: Test the fallback design or functionality to ensure that it provides a usable and accessible experience.
4. **Evaluate the results**: Evaluate the results of the test to determine whether the fallback design or functionality meets the usability and accessibility requirements.

Some common tools used for fallback testing include:

1. **Manual testing**: Manual testing involves testing the product manually to identify failures and evaluate the usability and accessibility of the fallback design or functionality.
2. **Automated testing**: Automated testing involves using tools such as Selenium or Appium to automate the testing process and detect failures.
3. **Usability testing tools**: Usability testing tools such as UserTesting or TryMyUI allow designers and developers to conduct remote usability testing and evaluate the usability and accessibility of the fallback design or functionality.

By conducting fallback tests, designers and developers can ensure that their products remain usable and accessible even when primary designs or functionalities fail, providing a better user experience and minimizing the risk of errors or crashes.",892,497,7e8f85846731489d,,False
2025-07-15T20:43:33.291178,Fallback test.,llama-3.1-8b-instant,"A fallback test is a type of test used in user experience (UX) and user interface (UI) design to ensure that a product or feature remains usable and accessible when a primary design or functionality fails.

Here are some common scenarios where a fallback test is used:

1. **Error handling**: When a user enters invalid data or an error occurs, a fallback test ensures that the product still provides a usable experience and guides the user to resolve the issue.
2. **Network failures**: When a network connection is lost or slow, a fallback test ensures that the product remains functional and provides a good user experience, even when the primary functionality fails.
3. **Device or browser incompatibility**: When a user accesses the product on a device or browser that is not supported, a fallback test ensures that the product still provides a usable experience and guides the user to a compatible device or browser.
4. **Primary design failure**: When a primary design or functionality fails, a fallback test ensures that the product remains usable and accessible.

To conduct a fallback test, designers and developers typically follow these steps:

1. **Identify the primary design or functionality**: Identify the primary design or functionality that is being tested.
2. **Create a failure scenario**: Create a scenario where the primary design or functionality fails.
3. **Test the fallback**: Test the fallback design or functionality to ensure that it provides a usable and accessible experience.
4. **Evaluate the results**: Evaluate the results of the test to determine whether the fallback design or functionality meets the usability and accessibility requirements.

Some common tools used for fallback testing include:

1. **Manual testing**: Manual testing involves testing the product manually to identify failures and evaluate the usability and accessibility of the fallback design or functionality.
2. **Automated testing**: Automated testing involves using tools such as Selenium or Appium to automate the testing process and detect failures.
3. **Usability testing tools**: Usability testing tools such as UserTesting or TryMyUI allow designers and developers to conduct remote usability testing and evaluate the usability and accessibility of the fallback design or functionality.

By conducting fallback tests, designers and developers can ensure that their products remain usable and accessible even when primary designs or functionalities fail, providing a better user experience and minimizing the risk of errors or crashes.",0,,7e8f85846731489d,,True
